{
  "best_model": "logistic_regression",
  "test_accuracy": 0.4009433962264151,
  "test_f1": 0.30601092896174864,
  "n_features": 118
}